{
  "timestamp": 1775378651.6308136,
  "stress_level": 0.17597410351864076,
  "anxiety_level": 0.34003616260863306,
  "fatigue_level": 0.6010549999999999,
  "attention_score": 0.6,
  "mood_score": 0.3,
  "recommendations": [
    "\u72b6\u6001\u826f\u597d"
  ],
  "risk_level": "medium",
  "hr_available": true
}