{
  "timestamp": 1775378647.46734,
  "stress_level": 0.18258842731139335,
  "anxiety_level": 0.26058590754058314,
  "fatigue_level": 0.4927002979048301,
  "attention_score": 0.9540625288695236,
  "mood_score": 0.52988581122597,
  "recommendations": [
    "\u72b6\u6001\u826f\u597d"
  ],
  "risk_level": "low",
  "hr_available": true
}