{
  "timestamp": 1775378653.678088,
  "stress_level": 0.15872005200163797,
  "anxiety_level": 0.35645536803235045,
  "fatigue_level": 0.60122,
  "attention_score": 0.6,
  "mood_score": 0.3,
  "recommendations": [
    "\u72b6\u6001\u826f\u597d"
  ],
  "risk_level": "medium",
  "hr_available": true
}