{
  "timestamp": 1775378636.9908743,
  "stress_level": 0.2933510179119396,
  "anxiety_level": 0.2817288321582735,
  "fatigue_level": 0.5672857963509575,
  "attention_score": 0.9309587867060983,
  "mood_score": 0.5161666776841983,
  "recommendations": [
    "\u72b6\u6001\u826f\u597d"
  ],
  "risk_level": "medium",
  "hr_available": true
}