{
  "timestamp": 1774943059.4927013,
  "stress_level": 0.19491464371971184,
  "anxiety_level": 0.3448299336089158,
  "fatigue_level": 0.5991949999999999,
  "attention_score": 0.6,
  "mood_score": 0.3,
  "recommendations": [
    "\u72b6\u6001\u826f\u597d"
  ],
  "risk_level": "medium",
  "hr_available": true
}