{
  "timestamp": 1774943112.5247238,
  "stress_level": 0.20204847671843718,
  "anxiety_level": 0.311141037074517,
  "fatigue_level": 0.60209,
  "attention_score": 0.6,
  "mood_score": 0.3,
  "recommendations": [
    "\u72b6\u6001\u826f\u597d"
  ],
  "risk_level": "medium",
  "hr_available": true
}