{
  "timestamp": 1774943087.9986107,
  "stress_level": 0.2036168563551804,
  "anxiety_level": 0.3082817265525728,
  "fatigue_level": 0.59402,
  "attention_score": 0.6,
  "mood_score": 0.3,
  "recommendations": [
    "\u72b6\u6001\u826f\u597d"
  ],
  "risk_level": "medium",
  "hr_available": true
}