{
  "timestamp": 1774943116.6906333,
  "stress_level": 0.18864796195596806,
  "anxiety_level": 0.3257900203182632,
  "fatigue_level": 0.60152,
  "attention_score": 0.6,
  "mood_score": 0.3,
  "recommendations": [
    "\u72b6\u6001\u826f\u597d"
  ],
  "risk_level": "medium",
  "hr_available": true
}