{
  "timestamp": 1774943042.765259,
  "stress_level": 0.21950600000000003,
  "anxiety_level": 0.36518000000000006,
  "fatigue_level": 0.5006299999999999,
  "attention_score": 0.6,
  "mood_score": 0.3,
  "recommendations": [
    "\u72b6\u6001\u826f\u597d"
  ],
  "risk_level": "medium",
  "hr_available": true
}