{
  "timestamp": 1774943096.2937403,
  "stress_level": 0.19924364097815417,
  "anxiety_level": 0.31909744715029453,
  "fatigue_level": 0.5970799999999999,
  "attention_score": 0.6,
  "mood_score": 0.3,
  "recommendations": [
    "\u72b6\u6001\u826f\u597d"
  ],
  "risk_level": "medium",
  "hr_available": true
}