{
  "timestamp": 1774943110.5196426,
  "stress_level": 0.17880432409324296,
  "anxiety_level": 0.331393448102979,
  "fatigue_level": 0.60215,
  "attention_score": 0.6,
  "mood_score": 0.3,
  "recommendations": [
    "\u72b6\u6001\u826f\u597d"
  ],
  "risk_level": "medium",
  "hr_available": true
}