{
  "timestamp": 1774943049.4653816,
  "stress_level": 0.17926141277598107,
  "anxiety_level": 0.33372736815975734,
  "fatigue_level": 0.60107,
  "attention_score": 0.6,
  "mood_score": 0.3,
  "recommendations": [
    "\u72b6\u6001\u826f\u597d"
  ],
  "risk_level": "medium",
  "hr_available": true
}