{
  "timestamp": 1774943106.506055,
  "stress_level": 0.1686953172551507,
  "anxiety_level": 0.35494060584495646,
  "fatigue_level": 0.6011899999999999,
  "attention_score": 0.6,
  "mood_score": 0.3,
  "recommendations": [
    "\u72b6\u6001\u826f\u597d"
  ],
  "risk_level": "medium",
  "hr_available": true
}