{
  "timestamp": 1774943044.7694836,
  "stress_level": 0.17572502971130766,
  "anxiety_level": 0.3471626434441199,
  "fatigue_level": 0.602165,
  "attention_score": 0.6,
  "mood_score": 0.3,
  "recommendations": [
    "\u72b6\u6001\u826f\u597d"
  ],
  "risk_level": "medium",
  "hr_available": true
}