{
  "timestamp": 1774943108.5146532,
  "stress_level": 0.17783032846686514,
  "anxiety_level": 0.33346468660168094,
  "fatigue_level": 0.601895,
  "attention_score": 0.6,
  "mood_score": 0.3,
  "recommendations": [
    "\u72b6\u6001\u826f\u597d"
  ],
  "risk_level": "medium",
  "hr_available": true
}