{
  "timestamp": 1774943077.8528187,
  "stress_level": 0.2051720285087421,
  "anxiety_level": 0.35026585011556566,
  "fatigue_level": 0.5928199999999999,
  "attention_score": 0.6,
  "mood_score": 0.3,
  "recommendations": [
    "\u72b6\u6001\u826f\u597d"
  ],
  "risk_level": "medium",
  "hr_available": true
}