{
  "timestamp": 1774943090.0053992,
  "stress_level": 0.19753316989286204,
  "anxiety_level": 0.3140900709633626,
  "fatigue_level": 0.59453,
  "attention_score": 0.6,
  "mood_score": 0.3,
  "recommendations": [
    "\u72b6\u6001\u826f\u597d"
  ],
  "risk_level": "medium",
  "hr_available": true
}