{
  "timestamp": 1774943071.6566215,
  "stress_level": 0.2131823014485293,
  "anxiety_level": 0.34156147409572934,
  "fatigue_level": 0.59363,
  "attention_score": 0.6,
  "mood_score": 0.3,
  "recommendations": [
    "\u72b6\u6001\u826f\u597d"
  ],
  "risk_level": "medium",
  "hr_available": true
}