{
  "timestamp": 1774943085.984392,
  "stress_level": 0.2016634696450451,
  "anxiety_level": 0.3202919954273471,
  "fatigue_level": 0.593375,
  "attention_score": 0.6,
  "mood_score": 0.3,
  "recommendations": [
    "\u72b6\u6001\u826f\u597d"
  ],
  "risk_level": "medium",
  "hr_available": true
}