{
  "timestamp": 1775378398.8136337,
  "stress_level": 0.15153959257992902,
  "anxiety_level": 0.08599247837538447,
  "fatigue_level": 0.32907425906028354,
  "attention_score": 0.9567330702144172,
  "mood_score": 0.507707176130927,
  "recommendations": [
    "\u72b6\u6001\u826f\u597d"
  ],
  "risk_level": "low",
  "hr_available": false
}