{
  "timestamp": 1775378378.2991395,
  "stress_level": 0.13571793748447028,
  "anxiety_level": 0.13686134216938284,
  "fatigue_level": 0.32,
  "attention_score": 0.8784853509832472,
  "mood_score": 0.5020534341172727,
  "recommendations": [
    "\u72b6\u6001\u826f\u597d"
  ],
  "risk_level": "low",
  "hr_available": false
}