{
  "timestamp": 1775378374.268088,
  "stress_level": 0.1371825978526324,
  "anxiety_level": 0.12484192047209089,
  "fatigue_level": 0.32,
  "attention_score": 0.9082335261155662,
  "mood_score": 0.5230863507010436,
  "recommendations": [
    "\u72b6\u6001\u826f\u597d"
  ],
  "risk_level": "low",
  "hr_available": false
}