{
  "timestamp": 1775378390.6459255,
  "stress_level": 0.15591995663587482,
  "anxiety_level": 0.09098327150281198,
  "fatigue_level": 0.3299654575824488,
  "attention_score": 0.9322513362414202,
  "mood_score": 0.510585870423836,
  "recommendations": [
    "\u72b6\u6001\u826f\u597d"
  ],
  "risk_level": "low",
  "hr_available": false
}