{
  "timestamp": 1775378413.2225437,
  "stress_level": 0.0993346805357024,
  "anxiety_level": 0.16479181238389645,
  "fatigue_level": 0.32,
  "attention_score": 0.9162387297276582,
  "mood_score": 0.4957574390377858,
  "recommendations": [
    "\u72b6\u6001\u826f\u597d"
  ],
  "risk_level": "low",
  "hr_available": false
}