{
  "timestamp": 1775378421.5190213,
  "stress_level": 0.10027257788967656,
  "anxiety_level": 0.16215614332545258,
  "fatigue_level": 0.351574088695053,
  "attention_score": 0.9200923470083386,
  "mood_score": 0.4977664755438796,
  "recommendations": [
    "\u72b6\u6001\u826f\u597d"
  ],
  "risk_level": "low",
  "hr_available": false
}