{
  "timestamp": 1774942822.7190619,
  "stress_level": 0.21127008398984934,
  "anxiety_level": 0.3382121072497551,
  "fatigue_level": 0.593135,
  "attention_score": 0.6,
  "mood_score": 0.3,
  "recommendations": [
    "\u72b6\u6001\u826f\u597d"
  ],
  "risk_level": "medium",
  "hr_available": true
}