{
  "timestamp": 1774942830.892902,
  "stress_level": 0.2110260438875822,
  "anxiety_level": 0.34119091458798456,
  "fatigue_level": 0.593075,
  "attention_score": 0.6,
  "mood_score": 0.3,
  "recommendations": [
    "\u72b6\u6001\u826f\u597d"
  ],
  "risk_level": "medium",
  "hr_available": true
}