{
  "timestamp": 1774942806.4357796,
  "stress_level": 0.25413800000000003,
  "anxiety_level": 0.26854,
  "fatigue_level": 0.5972,
  "attention_score": 0.6,
  "mood_score": 0.3,
  "recommendations": [
    "\u72b6\u6001\u826f\u597d"
  ],
  "risk_level": "medium",
  "hr_available": true
}