{
  "timestamp": 1774942880.4984856,
  "stress_level": 0.20087966713070704,
  "anxiety_level": 0.3108647354285353,
  "fatigue_level": 0.594695,
  "attention_score": 0.6,
  "mood_score": 0.3,
  "recommendations": [
    "\u72b6\u6001\u826f\u597d"
  ],
  "risk_level": "medium",
  "hr_available": true
}