{
  "timestamp": 1774942872.241277,
  "stress_level": 0.1761900054969075,
  "anxiety_level": 0.3277836380928538,
  "fatigue_level": 0.598295,
  "attention_score": 0.6,
  "mood_score": 0.3,
  "recommendations": [
    "\u72b6\u6001\u826f\u597d"
  ],
  "risk_level": "medium",
  "hr_available": true
}