{
  "timestamp": 1774942862.2101932,
  "stress_level": 0.18562087560733692,
  "anxiety_level": 0.32279442784250445,
  "fatigue_level": 0.601865,
  "attention_score": 0.6,
  "mood_score": 0.3,
  "recommendations": [
    "\u72b6\u6001\u826f\u597d"
  ],
  "risk_level": "medium",
  "hr_available": true
}