{
  "timestamp": 1774942878.3916268,
  "stress_level": 0.20698920915279947,
  "anxiety_level": 0.3041110019623264,
  "fatigue_level": 0.595955,
  "attention_score": 0.6,
  "mood_score": 0.3,
  "recommendations": [
    "\u72b6\u6001\u826f\u597d"
  ],
  "risk_level": "medium",
  "hr_available": true
}