{
  "timestamp": 1774942826.8789618,
  "stress_level": 0.21391583721888546,
  "anxiety_level": 0.3363075114557335,
  "fatigue_level": 0.593,
  "attention_score": 0.6,
  "mood_score": 0.3,
  "recommendations": [
    "\u72b6\u6001\u826f\u597d"
  ],
  "risk_level": "medium",
  "hr_available": true
}