{
  "timestamp": 1774942828.8866332,
  "stress_level": 0.21200579821343418,
  "anxiety_level": 0.3413660486717701,
  "fatigue_level": 0.59303,
  "attention_score": 0.6,
  "mood_score": 0.3,
  "recommendations": [
    "\u72b6\u6001\u826f\u597d"
  ],
  "risk_level": "medium",
  "hr_available": true
}