{
  "timestamp": 1774942812.6917498,
  "stress_level": 0.21381019784143562,
  "anxiety_level": 0.3286928471021937,
  "fatigue_level": 0.59603,
  "attention_score": 0.6,
  "mood_score": 0.3,
  "recommendations": [
    "\u72b6\u6001\u826f\u597d"
  ],
  "risk_level": "medium",
  "hr_available": true
}