{
  "timestamp": 1775378795.6208107,
  "stress_level": 0.17517500385513224,
  "anxiety_level": 0.29976300126175826,
  "fatigue_level": 0.4311432270276368,
  "attention_score": 0.8875797072545343,
  "mood_score": 0.46609973621542716,
  "recommendations": [
    "\u72b6\u6001\u826f\u597d"
  ],
  "risk_level": "low",
  "hr_available": true
}