{
  "timestamp": 1775378728.7970002,
  "stress_level": 0.17271393353521797,
  "anxiety_level": 0.26433609372214295,
  "fatigue_level": 0.40152460666505463,
  "attention_score": 0.9313361397657494,
  "mood_score": 0.49092085160005583,
  "recommendations": [
    "\u72b6\u6001\u826f\u597d"
  ],
  "risk_level": "low",
  "hr_available": true
}