{
  "timestamp": 1775378724.1297612,
  "stress_level": 0.16135133344365737,
  "anxiety_level": 0.30435409021034165,
  "fatigue_level": 0.3943102745762288,
  "attention_score": 0.9487487040989875,
  "mood_score": 0.49665014275827785,
  "recommendations": [
    "\u72b6\u6001\u826f\u597d"
  ],
  "risk_level": "low",
  "hr_available": true
}