{
  "timestamp": 1775378773.1294756,
  "stress_level": 0.18578670282429904,
  "anxiety_level": 0.274958233116167,
  "fatigue_level": 0.4399159214900459,
  "attention_score": 0.908874232055033,
  "mood_score": 0.4727449472713502,
  "recommendations": [
    "\u72b6\u6001\u826f\u597d"
  ],
  "risk_level": "low",
  "hr_available": true
}