{
  "timestamp": 1775378736.9633758,
  "stress_level": 0.20314754193347634,
  "anxiety_level": 0.2571047350410588,
  "fatigue_level": 0.4871466666666666,
  "attention_score": 0.9071420156197679,
  "mood_score": 0.5,
  "recommendations": [
    "\u72b6\u6001\u826f\u597d"
  ],
  "risk_level": "low",
  "hr_available": true
}