{
  "timestamp": 1775378217.332342,
  "stress_level": 0.2507500178040629,
  "anxiety_level": 0.1943343279738297,
  "fatigue_level": 0.4134750893025014,
  "attention_score": 0.8950963349530315,
  "mood_score": 0.5045453521975272,
  "recommendations": [
    "\u72b6\u6001\u826f\u597d"
  ],
  "risk_level": "low",
  "hr_available": true
}